Name,m.rate,calculated
Atrina,0.532455532,0.532455532
Callinectes,0.5,1
Cephalopholis,0.087442719,0.087442719
Dasyatis,0.5,0.914213562
Epinephelus,0.250328157,0.250328157
Lutjanus,0.084517369,0.084517369
Micropogonias,0.5,1
Mugil,0.5,1
Octopus,0.148919334,0.148919334
Panulirus,0.062245553,0.062245553
Scomberomorus,0.5,1
Squatina,0.5,1
